Title,Company Name,Location,Skills Required,Salary_Min,Salary_Max,Date Posted,Source
Software Engineer,Recruitment Consulting firm,"Kozhikode, Kerala",react,,,2024-11-16,Source 1
Software Engineer/Senior Software Engineer - Python Automation,Bold Technology Systems Private Limited,"Delhi, India","python, sql, machine learning, data science",,,2024-10-04,Source 1
Senior Software Engineer,Kenvue,"Bangalore, Karnataka","manager, cloud",,,2024-11-28,Source 1
Software Engineering Manager,Evernorth,"Hyderabad, Telangana",manager,,,2024-11-22,Source 1
Software Engineering Analyst,Evernorth,"Hyderabad, Telangana",,,,2024-11-26,Source 1
Software Engineering Manager,Skima Innovations Pvt ltd,"Pune, Maharashtra","python, java, javascript, node.js, manager",,,2024-11-19,Source 1
Embedded Software Engineer -,Aricent,India,design,,,2024-10-13,Source 1
Senior Software Engineer,MNR Solutions,"Noida, Ghaziabad",design,,,2024-10-11,Source 1
Software Engineering Advisor,Evernorth,"Hyderabad, Telangana",,,,2024-11-22,Source 1
Software Engineering Advisor,Evernorth,"Hyderabad, Telangana",,,,2024-11-22,Source 1
Sr Software Engineer,HME,"Bangalore, Karnataka","sql, azure, react, docker, linux, cloud",,,2024-11-22,Source 1
Senior Software Engineer,Planys Technologies Private Limited,"Chennai, Tamil Nadu",,,,2024-10-19,Source 1
Software Engineer - DevOps,own world,India,"devops, design",,,2024-11-27,Source 1
Software Engineering Advisor,Evernorth,"Hyderabad, Telangana",,,,2024-11-22,Source 1
Software Engineer - Java,Anzyglobal,"Bangalore, Karnataka",design,,,2024-11-06,Source 1
Software Engineering Advisor,Evernorth,"Hyderabad, Telangana",,,,2024-11-22,Source 1
Manager - Software Engineering,NPS Prism,India,"manager, cloud",,,2024-11-16,Source 1
Senior Software Engineer,Aivoks Technologies Pvt. Ltd.,India,,,,2024-10-10,Source 1
Senior Software Engineer,HME,"Bangalore, Karnataka",,,,2024-11-22,Source 1
Software Engineering Advisor,Evernorth,"Hyderabad, Telangana",,,,2024-11-22,Source 1
Software Engineering Advisor,Evernorth,"Hyderabad, Telangana",,,,2024-11-22,Source 1
Software Engineering Advisor,Evernorth,"Hyderabad, Telangana",,,,2024-11-22,Source 1
Software Engineer - C++,Aricent,India,design,,,2024-11-27,Source 1
Senior Software Engineer,Dashhire,"Bangalore, Karnataka",,,,2024-10-30,Source 1
Software Engineering Advisor,Evernorth,"Hyderabad, Telangana",,,,2024-11-22,Source 1
Software Engineer - Python,globalinsurance,"Bangalore, Karnataka",python,,,2024-11-22,Source 1
Staff Software Engineer,Leading-Biotechnology-Company,"Bangalore, Karnataka",,,,2024-11-22,Source 1
Software Engineering Advisor,Evernorth,"Hyderabad, Telangana",,,,2024-11-22,Source 1
Software Engineer - Sitecore,"Triad Square Pvt Ltd.,",India,,,,2024-11-06,Source 1
ShareChat - Software Engineer,Hirist.tech,"Bangalore, Karnataka",,,,2024-11-20,Source 1
Data Scientist,Zelarsoft Pvt.Ltd.,"Hyderabad, Telangana",devops,,,2024-10-17,Source 1
Data Scientist,globalinsurance,"Bangalore, Karnataka","machine learning, data science",,,2024-11-26,Source 1
Data Scientist,Hash Root Technologies Private Ltd,"Bangalore, Karnataka",machine learning,,,2024-11-05,Source 1
Data Science,Biocube,"Noida, Ghaziabad",,,,2024-10-26,Source 1
Data Scientist,MNR Solutions,"Chennai, Tamil Nadu","machine learning, cloud",,,2024-10-01,Source 1
Data Scientist,T D Newton,"Chennai, Tamil Nadu",design,,,2024-10-23,Source 1
Data Scientist,Infometry,India,"python, machine learning",,,2024-11-19,Source 1
Data Scientist,PureSearch,"Hyderabad, Telangana",data science,,,2024-10-08,Source 1
Data Scientist,Bharti Soft Tech Pvt. Ltd.,"Vadodara, Gujarat",,,,2024-11-02,Source 1
Data Scientist - Data Analytics,Secret Technologies India ,India,,,,2024-11-20,Source 1
Director - Data Science,SAGCLAY,"Chennai, Tamil Nadu","machine learning, data science",,,2024-11-27,Source 1
Principal Data Scientist,Juniper Consultancy Services,"Hyderabad, Telangana","python, sql, aws, machine learning, data science, cloud",,,2024-10-06,Source 1
Tesco - Data Scientist,Hirist.tech,"Bangalore, Karnataka",data science,,,2024-11-14,Source 1
Policybazaar - Data Scientist,Policybazaar Insurance Brokers Pvt Ltd.,India,design,,,2024-10-09,Source 1
MariApps - Data Scientist,TreeWise/MariApps,"Ernakulam, Kerala",data science,,,2024-10-15,Source 1
Data Scientist - NLP,Aricent,India,data science,,,2024-11-26,Source 1
Lead Data Scientist,Talent Destination,"Chennai, Tamil Nadu",,,,2024-10-23,Source 1
Senior Data Scientist,Wings Inc,"Pune, Maharashtra",,,,2024-11-07,Source 1
Lead Data Scientist,Aditya Consulting,India,"machine learning, design",,,2024-10-19,Source 1
Senior Data Scientist,Kenvue,"Bangalore, Karnataka",,,,2024-11-28,Source 1
Head of Data Science,StashFin,India,"machine learning, data science",,,2024-11-02,Source 1
SysTechCorp - Data Scientist,SysTechCorp Inc,"Kolkata, West Bengal",machine learning,,,2024-11-20,Source 1
Data Scientist II,Talentiser,"Bangalore, Karnataka",,,,2024-11-15,Source 1
Manager - Data Science,Neemtree Tech Hiring,"Bangalore, Karnataka",,,,2024-11-09,Source 1
Benovymed - Principal Data Scientist/Senior Data Scientist/Data Scientist - NLP/Machine Learning,Benovymed Healthcare Private Limited,India,"machine learning, data science",,,2024-11-21,Source 1
Data Scientist - Data Visualization Tools,IT Company,India,,,,2024-11-07,Source 1
Data Scientist/Engineer - Big Data,Skima Innovations Pvt ltd,India,,,,2024-11-18,Source 1
AVP/Director - Data Science,Ally Executive HR,India,"machine learning, data science",,,2024-10-17,Source 1
Director - Data Science Domain,Wingify,India,,,,2024-11-20,Source 1
Data Scientist - Spark/Hadoop,Global Employees,India,"machine learning, data science, big data",,,2024-11-13,Source 1
Project Manager/Senior Project Manager,DGSL,"Bangalore, Karnataka",manager,,,2024-10-20,Source 1
Project Manager,Mig Staffing,"Trivandrum, Thiruvananthapuram",manager,,,2024-11-12,Source 1
Project Manager,Yo HR Consultancy,"Noida, Ghaziabad",manager,,,2024-11-09,Source 1
Project Manager,Mobifly,India,agile,,,2024-11-28,Source 1
Project Manager,HNM Solutions,India,"scrum, manager",,,2024-10-08,Source 1
Project Manager,ORANGESIRI  PRIVATE LIMITED,India,manager,,,2024-10-29,Source 1
Project Manager,InfoCentroid Software Solutions Pvt. Ltd,"Navi Mumbai, Maharashtra",manager,,,2024-11-21,Source 1
Project Manager,Quest Business Solution,"Chandigarh, India",manager,,,2024-10-25,Source 1
Project Manager,2Coms,"Kolkata, West Bengal",,,,2024-10-15,Source 1
Project Manager,Paddlelift,India,,,,2024-11-05,Source 1
Project Manager,CliqHR,"Pune, Maharashtra",manager,,,2024-10-24,Source 1
Project Manager,Worksconsultancy,India,,,,2024-11-03,Source 1
Project Manager,Datagrid Solutions Pvt Ltd,"Mumbai, Maharashtra",,,,2024-11-10,Source 1
Project Manager,THEM consulting,India,,,,2024-10-20,Source 1
Project Manager,Strive Global Services,"Ranchi, Jharkhand","azure, react",,,2024-11-14,Source 1
Project Manager,Aricent,India,"agile, manager",,,2024-11-28,Source 1
Project Manager,Tripearltech,"Ahmedabad, Gujarat",manager,,,2024-10-30,Source 1
Project Manager,Diatoz Solutions,"Bangalore, Karnataka",manager,,,2024-11-20,Source 1
Project Manager,PANACEA BIOTEC PHARMA LIMITED,"Punjab, India",,,,2024-10-22,Source 1
Project Manager,BlueByte Technologies,India,manager,,,2024-10-29,Source 1
Project Manager - Analytics,BlueByte Technologies,"Hyderabad, Telangana","agile, manager",,,2024-11-02,Source 1
Senior Project Manager,EPIC WORKFORCE SERVICES LLP,"Mumbai, Maharashtra",manager,,,2024-11-19,Source 1
Project Manager - Salesforce,Visionyle Solutions,"Bangalore, Karnataka","manager, cloud",,,2024-10-06,Source 1
Technical Project Manager,U-SET,India,"agile, scrum, manager",,,2024-10-19,Source 1
Project Manager - Salesforce,selsoft,"Bangalore, Karnataka",manager,,,2024-10-09,Source 1
Swiggy - Project Manager,Swiggy,"Bangalore, Karnataka",manager,,,2024-11-20,Source 1
Technical Project Manager,Hitya Global,India,manager,,,2024-11-28,Source 1
Technical Project Manager,DigiMoksha Solutions,"Noida, Ghaziabad","agile, scrum, manager",,,2024-11-20,Source 1
AEM Project Manager,TekIT Software Solutions Pvt. Ltd.,India,manager,,,2024-10-19,Source 1
ScryAI - Project Manager,Scry Analytics India Pvt Ltd.,India,manager,,,2024-10-12,Source 1
Web Developer - UI,NonStop io Technologies Pvt Ltd,"Pune, Maharashtra","javascript, react, design",,,2024-11-19,Source 1
Web Developer - PHP Frameworks,Nilasu consulting,"Ghaziabad, Uttar Pradesh",,,,2024-10-26,Source 1
Web Developer - Wordpress/Javascript,ATech,India,"javascript, html, css, design",,,2024-11-22,Source 1
Web Developer - PHP/Wordpress,Xotiv Technologies,"Delhi, India",design,,,2024-11-12,Source 1
Pilgrim - Web Developer - Shopify,Pilgrim India,"Mumbai, Maharashtra",design,,,2024-11-12,Source 1
Python Developer - Web Development,AEXONIC TECHNOLOGIES PRIVATE LIMITED,India,"python, django, flask",,,2024-10-17,Source 1
Web Developer - .Net/Javascript,Acme Services,"Mumbai, Maharashtra","html, design",,,2024-10-11,Source 1
Web Developer - Wordpress/Javascript,Omka Tech,"Noida, Ghaziabad","javascript, html, css, design",,,2024-10-02,Source 1
Senior Web Developer - eCommerce Websites,Sobha Limited,"Bangalore, Karnataka",,,,2024-11-28,Source 1
Web Developer - Javascript/React.js,Fedrus global,"Chennai, Tamil Nadu","javascript, html, css",,,2024-10-26,Source 1
Web Developer - Eleventy & Contentful Integration,CareerXperts Consulting,"Bangalore, Karnataka",,,,2024-11-21,Source 1
.Net Technical Lead - Web Development,Serving Skill,"Navi Mumbai, Maharashtra","javascript, node.js",,,2024-11-26,Source 1
Full Stack Web Developer - Wordpress,Okda Solutions,"Hyderabad, Telangana",,,,2024-10-20,Source 1
Angular Web Developer - Javascript/TypeScript,Hanker systems,"Chennai, Tamil Nadu",javascript,,,2024-10-11,Source 1
Engineering Manager - Web Development Framework,HyrEzy Talent Solutions,India,manager,,,2024-11-21,Source 1
Salesforce Web Developer - Aura Framework,Diatoz Solutions,"Bangalore, Karnataka","javascript, html, css, design",,,2024-10-31,Source 1
Web Developer - React.js/Javascript,RADIANT DIGITAL SOLUTIONS PRIVATE LIMITED,"Hyderabad, Telangana",,,,2024-10-22,Source 1
ToolJet - Web Developer - Webflow/Javascript,tooljet,"Bangalore, Karnataka",,,,2024-11-28,Source 1
Java Web Developer - Spring Boot,Wits Innovation Lab,"Mumbai, Maharashtra",,,,2024-11-21,Source 1
Product Manager - Mobile/Web Development,Sangat career management consultants,"Chennai, Tamil Nadu",manager,,,2024-11-28,Source 1
Web Development Specialist - PHP/Javascript,GFL Recruitment Private Limited/Zigsaw,"Delhi, India",javascript,,,2024-11-12,Source 1
Senior Web Developer - LAMP/MERN Stack,Rapsys Technologies PTE LTD,"Mumbai, Maharashtra",,,,2024-10-09,Source 1
Frontend Web Developer - Vue.js/TypeScript,MaimsD Technology,"Bangalore, Karnataka",,,,2024-10-25,Source 1
Full Stack Web Developer - MERN Stack,COX-LITTLE &amp; COMPANY,India,"sql, javascript, html, css, design",,,2024-11-28,Source 1
SocialPilot - Web Developer - Javascript/HTML5/CSS3,SocialPilot,"Ahmedabad, Gujarat",,,,2024-10-26,Source 1
Full Stack Developer - Mobile & Web Development,Zelarsoft Pvt.Ltd.,"Hyderabad, Telangana",devops,,,2024-11-21,Source 1
Web Developer - PHP/Wordpress/React.js,Flyonit Solutions Pvt. Ltd.,"Kolkata, West Bengal","javascript, react, git",,,2024-11-06,Source 1
Full Stack Web Developer - .Net Framework,Aricent,India,"javascript, html, css",,,2024-11-15,Source 1
Xactly - Senior Web Developer - Frontend Teechnologies,XACTLY,"Bangalore, Karnataka",,,,2024-11-06,Source 1
Full Stack Web Developer - .Net/Javascript,Sutherland Global Services,"Chennai, Tamil Nadu",design,,,2024-10-30,Source 1
Business Analyst,Hiret,"Bangalore, Karnataka",,,,2024-10-17,Source 1
Business Analyst,HRCadre Consulting,India,,,,2024-11-08,Source 1
Business Analyst,Globalemployees.com,"Bangalore, Karnataka",,,,2024-11-06,Source 1
Business Analyst,UNICO CONNECT PRIVATE LIMITED,"Mumbai, Maharashtra",,,,2024-11-14,Source 1
Business Analyst,HATCHTRA INNOTECH PRIVATE LIMITED,"Pune, Maharashtra",,,,2024-10-06,Source 1
Business Analyst,Visionyle Solutions,"Bangalore, Karnataka",,,,2024-10-10,Source 1
Business Analyst,Aezion.Inc,India,,,,2024-11-12,Source 1
Business Analyst,Marktine Technology Solutions,"Jaipur, Rajasthan",,,,2024-11-19,Source 1
Business Analyst,Entigrity,"Ahmedabad, Gujarat",,,,2024-10-25,Source 1
Business Analyst,Naukari Wale,India,aws,,,2024-11-27,Source 1
Business Analyst,Ascent Force,India,design,,,2024-11-14,Source 1
Business Analyst,Skillventory- A Leading Talent Research Firm,"Mumbai, Maharashtra",sql,,,2024-11-16,Source 1
Business Analyst,Xtranet Technologies Private Limited,India,,,,2024-10-02,Source 1
Business Analyst,ITQube LTD,"Pune, Maharashtra",,,,2024-11-24,Source 1
Business Analyst,Brainvire Infotech,"Ahmedabad, Gujarat",,,,2024-10-12,Source 1
Business Analyst,MUFG Global Service ,"Bangalore, Karnataka",,,,2024-11-22,Source 1
Business Analyst,Wits Innovation Lab,"Mohali, Punjab",,,,2024-11-21,Source 1
Business Analyst,SWABHAV TECHLABS SOLUTIONS PRIVATE LIMITED,"Mumbai, Maharashtra",,,,2024-10-10,Source 1
Business Analyst,Information Technology and Services,"Mumbai, Maharashtra",agile,,,2024-10-17,Source 1
Business Analyst,HyrEzy Talent Solutions,"Chennai, Tamil Nadu",,,,2024-11-22,Source 1
Business Analyst,Quantum Phinance,"Mumbai, Maharashtra",,,,2024-11-23,Source 1
Business Analyst,ALABTY RECRUITMENT SERVICES,"Pune, Maharashtra",,,,2024-10-30,Source 1
Business Analyst,Visionyle Solutions,"Bangalore, Karnataka",,,,2024-10-22,Source 1
Business Analyst,NUVENTO SYSTEMS PRIVATE LIMITED,"Bangalore, Karnataka",,,,2024-11-15,Source 1
Business Analyst,Taleneer Consulting OPC Pvt Ltd,"Noida, Ghaziabad",,,,2024-10-10,Source 1
Business Analyst,Miles Education,"Bangalore, Karnataka",,,,2024-10-24,Source 1
Business Analyst,Tekfortune IT India Pvt Ltd,India,agile,,,2024-10-29,Source 1
Business Analyst,IT Company,"Udaipur, Rajasthan",manager,,,2024-11-07,Source 1
Business Analyst,Dashhire,"Bangalore, Karnataka",,,,2024-11-20,Source 1
Business Analyst,HyrEzy Talent Solutions,India,sql,,,2024-11-22,Source 1
System Administrator,Aricent,India,"sql, javascript, azure",,,2024-11-20,Source 1
System Administrator - Splunk,Risk Resources India,"Chennai, Tamil Nadu",,,,2024-11-15,Source 1
System Administrator - PowerShell,SYSTEM SOFT TECHNOLOGIES INDIA PRIVATE LIMITED,"Bangalore, Karnataka",,,,2024-11-21,Source 1
System Administrator - Certinia,POTENTIAM OFFSHORE SERVICES PRIVATE LIMITED,"Bangalore, Karnataka",,,,2024-11-06,Source 1
System Administrator - SCCM,ATech,India,,,,2024-11-28,Source 1
System Administrator - Active Directory,Talent Pro,India,azure,,,2024-10-30,Source 1
System Administrator - Network Support,Dotflick Solutions,India,"linux, cloud",,,2024-11-23,Source 1
System Administrator - IT Infrastructure,Indus face Private Limited,"Vadodara, Gujarat",,,,2024-11-12,Source 1
Growth99 - Linux System Administrator,Growth99,India,design,,,2024-11-09,Source 1
System Administrator - IT Infrastructure,Tehno Right,India,,,,2024-11-05,Source 1
System Administrator - Patch Management,Real Time Data Services . Ltd.,India,design,,,2024-11-27,Source 1
Linux System Administrator - Configuration Management,SPECTRUM AV TECHNO CONSULTANTS,"Bangalore, Karnataka","linux, design",,,2024-10-25,Source 1
DevOps Engineer - Linux System Administration,Akshaya IT Business solutions,"Chennai, Tamil Nadu","devops, linux, design",,,2024-10-15,Source 1
ServiceNow System Administrator - ITSM Module,Shashwath Solution,India,,,,2024-11-21,Source 1
System Administrator - MS Dynamics 365,Resourcetree Global Services,India,,,,2024-10-17,Source 1
Windows System Administrator - Active Directory,Dotflick Solutions,India,,,,2024-11-10,Source 1
Linux Systems Administrator - HPC/VDI,MaimsD Technology,"Bangalore, Karnataka",linux,,,2024-10-20,Source 1
Senior Windows & Linux System Administrator,Unique HR Consultants,"Hyderabad, Telangana",linux,,,2024-10-18,Source 1
IT Systems Administrator - Technical Support,EXPEDITE HIRE,"Ahmedabad, Gujarat",,,,2024-10-09,Source 1
DevOps Engineer - Linux System Administration,Hidden Brains Infotech,"Ahmedabad, Gujarat","aws, devops, linux, cloud, design",,,2024-10-27,Source 1
Senior System Administrator - Linux Server,Lancetech solutions,India,"azure, linux",,,2024-11-08,Source 1
DevOps Specialist - Linux System Administration,IT Resource Hunter,"Mumbai, Maharashtra","devops, agile",,,2024-11-20,Source 1
Systems Administrator II - Azure Infrastructure,UA Brands,India,design,,,2024-11-24,Source 1
AIX System Administrator - VMware Virtualization,Nazztec Private Limited,"Bangalore, Karnataka",,,,2024-11-21,Source 1
MS Teams Engineer - System Administration,Evoke HR Solutions,"Hyderabad, Telangana",,,,2024-10-19,Source 1
Cricbuzz - Junior System Administrator - IT Infrastructure,Hirist.tech,"Bangalore, Karnataka",,,,2024-11-20,Source 1
System Administrator - Active Directory/Linux OS,Framestore,"Mumbai, Maharashtra",,,,2024-10-11,Source 1
Falabella India - IT Support/System Administration,FALABELLA CORPORATE SERVICES INDIA PRIVATE LIMITED,"Bangalore, Karnataka",jira,,,2024-11-13,Source 1
Avance Clinical - Senior Salesforce System Administrator,Avance Clinical,"Bangalore, Karnataka",,,,2024-10-05,Source 1
SAT Microsystems - Senior Infrastructure Systems Administrator,SAT MICROSYSTEMS PVT LTD,India,"azure, cloud, design",,,2024-10-29,Source 1
Quality Analyst - Internship,Mobifly,India,sql,,,2024-11-28,Source 1
Quality Analyst - Data Testing,Flipped.ai,India,"python, sql, big data, linux",,,2024-11-27,Source 1
IT Quality Analyst - UAT,Confidential Company,"Chennai, Tamil Nadu",,,,2024-11-13,Source 1
Quality Analyst - Manual Testing,GRK INFO SERVICES PVT LTD,"Delhi, India",,,,2024-11-12,Source 1
Quality Analyst - Microservices Testing,Nexgen Techsoft Consulting Services,"Noida, Gautam Buddha Nagar",cloud,,,2024-11-06,Source 1
Quality Analyst - OMS/WMS,Sampoorna Consultants Pvt. Ltd,"Chennai, Tamil Nadu",,,,2024-10-09,Source 1
Quality Analyst - Manual Testing,Hiring Infinity,"Bangalore, Karnataka",,,,2024-10-01,Source 1
Quality Analyst - Performance Testing,One Degree North HR Services,"Bangalore, Karnataka",,,,2024-11-06,Source 1
Quality Analyst - Automation Testing,Wits Innovation Lab,"Bangalore, Karnataka",java,,,2024-11-20,Source 1
Quality Analyst/Consultant - ETL Testing,HNM Solutions,India,azure,,,2024-10-30,Source 1
Zealogics - Senior Data Quality Analyst,ZEALOGICS IT SOLUTIONS PRIVATE LIMITED,India,,,,2024-11-07,Source 1
Vineforce - Quality Analyst - Automation Testing,Vineforce It Services Pvt.Ltd.,"Mohali, Punjab",,,,2024-10-24,Source 1
Quality Analyst - Manual/Automation Testing,Metadologie,"Jaipur, Rajasthan",,,,2024-10-17,Source 1
Lead Quality Analyst - Automation Testing,Talent Nexa Consulting,"Noida, Ghaziabad",,,,2024-11-05,Source 1
Lead Quality Analyst - Selenium/Cypress,TopHire.co,"Bangalore, Karnataka",design,,,2024-11-25,Source 1
Adsparkx - Quality Analyst - Automation Testing,Adsparkx Media,India,,,,2024-11-15,Source 1
CIMET - Quality Analyst - Product Testing,CIMET,"Jaipur, Rajasthan",,,,2024-10-24,Source 1
Senior Quality Analyst - Selenium/Cypress,Xllent Corporate Services Pvt Ltd,"Bangalore, Karnataka",,,,2024-10-16,Source 1
Markovate - Lead Quality Analyst - Automation Testing,Markovate,India,,,,2024-11-12,Source 1
Senior Quality Analyst - Automation/Manual Testing,KEKA HR,"Hyderabad, Telangana",,,,2024-10-25,Source 1
Lead Quality Analyst - Manual/Automation Testing,NavigaGlobal,"Noida, Ghaziabad",,,,2024-11-12,Source 1
Monocept - Lead Quality Analyst - Manual Testing,Monocept,India,,,,2024-11-19,Source 1
Clicflyer - Quality Analyst - Manual/Automation Testing,ClicFlyer,India,,,,2024-11-13,Source 1
Naviga - Lead Quality Analyst - Automation Testing,Naviga,"Noida, Ghaziabad",agile,,,2024-11-24,Source 1
Salesforce Quality Analyst - Automation/Manual Testing,InOrg Global,India,design,,,2024-11-21,Source 1
Cargill - Data Quality Analyst - Informatica IDMC,Cargill Business Services India Private Limited,"Bangalore, Karnataka","cloud, design",,,2024-10-25,Source 1
StatusNeo Technology - Data Quality Analyst - R/Python,Status Neo,India,"python, sql, aws",,,2024-11-09,Source 1
eSthenos Technologies - Senior Quality Analyst - Manual Testing,eSthenos Technologies Pvt Ltd,"Bangalore, Karnataka",,,,2024-11-19,Source 1
Quality Analyst Lead - Manual/API/Database Testing,Mobifly,India,cloud,,,2024-11-28,Source 1
Impact Guru - Senior Quality Analyst - Automation Testing,Impact Guru,"Mumbai, Maharashtra",design,,,2024-11-03,Source 1
Network Engineer,arko,"Bangalore, Karnataka",azure,,,2024-11-22,Source 1
Network Engineer,SysTechCorp Inc,"Hyderabad, Telangana","python, jira, cloud",,,2024-11-20,Source 1
Network Engineer - ORAN,Lancesoft India Pvt Ltd,"Bangalore, Karnataka",design,,,2024-11-27,Source 1
Network Engineer - Firewall,SMARTWORK IT SERVICES,"Bangalore, Karnataka",,,,2024-11-14,Source 1
Hardware Networking Engineer,Aricent,India,,,,2024-11-21,Source 1
Lead Network Engineer,WeWork,"Bangalore, Karnataka",,,,2024-10-18,Source 1
Network Engineer - Routing & Switching,TCP Corps Outsourcing,"Hyderabad, Telangana",,,,2024-11-27,Source 1
Senior Network Engineer - Firewall,iMettle Consulting LLC,"Vadodara, Gujarat","cloud, design",,,2024-11-10,Source 1
EXOedge - Network Engineer - Firewall,EXO EDGE INDIA LLP,"Mohali, Punjab",,,,2024-10-11,Source 1
Network Engineer - LAN/WAN,Zanskar Research,"Gujarat, India",design,,,2024-11-19,Source 1
Network Engineer - Routing & Switching,Idyllic Services Pvt Ltd,"Bangalore, Karnataka","linux, cloud, design",,,2024-11-13,Source 1
Network Engineer - Routing & Switching,Outworks Solutions Private Ltd,"Pune, Maharashtra",,,,2024-10-06,Source 1
Network Engineer - Routing & Switching,ENCORA,"Bangalore, Karnataka",,,,2024-11-27,Source 1
Network Engineer - Routing & Switching,MNR Solutions,India,design,,,2024-10-23,Source 1
Senior Network Engineer - DevOps,Frontline Data Solutions,India,,,,2024-10-08,Source 1
Network Engineer - Routing & Switching,ATech,India,,,,2024-11-22,Source 1
Network Engineer IV - Datacenter,TERAFINA SOFTWARE SOLUTIONS PRIVATE LIMITED,India,,,,2024-11-28,Source 1
Network Engineer - Routing & Switching,Feasible Technologies,"Bangalore, Karnataka",,,,2024-11-20,Source 1
Network Engineer - Routing & Switching,Xtranet Technologies Private Limited,"Nagpur, Maharashtra",design,,,2024-10-10,Source 1
Network Engineer - Roututing & Switching,I Square Soft,"Bangalore, Karnataka",,,,2024-11-17,Source 1
Network Engineer - Routing & Switching,Incubex Business Consulting Services Pvt. Ltd.,"Bangalore, Karnataka",design,,,2024-10-04,Source 1
Network Engineer - CCNA Certified,Techno-Comp Computer Services Pvt. Ltd.,India,design,,,2024-11-15,Source 1
Network Engineer - SDWAN Technologies,Sampoorna Consultants Pvt. Ltd,"Chennai, Tamil Nadu",,,,2024-10-11,Source 1
Network Engineer - Routing & Switching,Talent Pro,India,,,,2024-10-30,Source 1
Lead Network Engineer - Datacenter,Best Apps Business Solutions Pvt Ltd,"Pune, Maharashtra",design,,,2024-10-31,Source 1
Network Engineer - Routing & Switching,RMV Workforce LLP,"Mumbai, Maharashtra",design,,,2024-11-14,Source 1
Network Engineer - IT Operations,InOpTra Digital,India,,,,2024-10-16,Source 1
Network Engineer - Routing & Switching,TECH STALWART SOLUTION PRIVATE LIMITED,"Hyderabad, Telangana",cloud,,,2024-10-17,Source 1
Network Engineer - Routing & Switching,iConsultera,"Ahmedabad, Gujarat",,,,2024-10-09,Source 1
Senior Specialist - Network Engineering,Changeleaders,"Bangalore, Karnataka",python,,,2024-10-01,Source 1
Senior Analyst - Deposit {Fixed Deposit or Account Management},MUFG Global Service ,"Bangalore, Karnataka",,,,2024-11-22,Source 1
Technical Account Manager - Managed Services & Digital Transformation Projects,Kuber &amp; Company,India,manager,,,2024-11-17,Source 1
Altimetrik - Engineering Manager - Embedded Products,Altimetrik India Pvt. Ltd,"Pune, Maharashtra","aws, agile, manager, cloud",,,2024-11-27,Source 1
Senior Technical Support Engineer - Troubleshooting,Real Time Data Services . Ltd.,India,,,,2024-11-27,Source 1
SAP FICO Consultant - Cash & Treasury Management,Arrixa,India,,,,2024-11-15,Source 1
Account Manager,Wonder Infrastructure & Power,India,manager,,,2024-11-26,Source 1
Account Manager,Saasflair Technologies,India,manager,,,2024-11-14,Source 1
Account Manager,HRC Global Services,"Bazargate, Mumbai",manager,,,2024-11-25,Source 1
Account Manager,Hire Digital,"Bangalore, Karnataka",manager,,,2024-11-15,Source 1
Account Manager,,"Kolkata, West Bengal",manager,,,2024-06-09,Source 1
Accounts Manager,Shri Vinayk Retail Pvt. Ltd,India,manager,,,2024-11-17,Source 1
Account Manager,Neutara Technologies Pvt Ltd,"Dabirpur, Hyderabad",,1500000.0,1500000.0,2024-11-28,Source 1
esecforte - Cloud Security Engineer - iAM/Active Directory,eSec Forte Technologies,"Noida, Ghaziabad",cloud,,,2024-11-07,Source 1
Associate Lead Consultant - SAP TRM Module,Traek Info India Services,"Bangalore, Karnataka",manager,,,2024-10-11,Source 1
"Strategic Account Manager, Account Management",ASSPL - Haryana,India,manager,,,2024-10-30,Source 1
"Strategic Account Manager, Account Management",Amazon,India,manager,,,2024-10-31,Source 1
"Strategic Account Manager, Account Management",ASSPL - Haryana,India,manager,,,2024-11-02,Source 1
"Strategic Account Manager, Account Management",Amazon,India,manager,,,2024-11-03,Source 1
Account Manager /Key Accounts Manager,Avnet India,"Delhi, India",,,,2024-11-26,Source 1
Account Manager - Publisher Account Manager,dentsu,India,manager,,,2024-09-21,Source 1
Accounts Manager (Accounts ),Ajay Bhardwaj ,"Delhi, India",manager,,,2024-07-11,Source 1
Accounts Manager (Accounts ),Ajay Bhardwaj ,"Hyderabad, Telangana",manager,,,2024-07-11,Source 1
Accounts Manager (Accounts ),Ajay Bhardwaj ,"Bangalore, Karnataka",manager,,,2024-07-11,Source 1
Account Manager,AES INDUSTRIAL PRIVATE LIMITED,India,manager,,,2024-11-18,Source 1
Account Manager,Transmarine Cargo,"Mumbai, Maharashtra",manager,420000.0,600000.0,2024-02-05,Source 1
Accounts Manager,Racer Tooling Industries,"Coimbatore, Tamil Nadu",,,,2024-07-31,Source 1
Account Manager,Racer Tooling Industries,"Coimbatore, Tamil Nadu",,360000.0,420000.0,2024-07-31,Source 1
Account Manager,HRM INFO,"Pune, Maharashtra",manager,300000.0,420000.0,2024-01-15,Source 1
Account Manager,DigiLantern,"Noida, Ghaziabad",manager,,,2023-02-16,Source 1
Account Manager,Smartoffice Payroll and Biometric Solutions Pvt Ltd,"Gadag, Karnataka",,100000.0,200000.0,2019-05-17,Source 1
Software Engineering Director - .Net Solution Architecture,Ally Executive HR,"Bangalore, Karnataka",,,,2024-10-17,Source 1
Insure Pro 2.0 - Graphic Designer - Adobe Creative Suite,Insure Pro 2.0,"Chennai, Tamil Nadu",design,,,2024-11-23,Source 1
Web Designer - Adobe Creative Suite,Dotflick Solutions,India,"javascript, html, design",,,2024-11-14,Source 1
.Net Developer - ASP/C#,HyrEzy Talent Solutions,"Pune, Maharashtra","sql, javascript, design",,,2024-11-22,Source 1
Full Stack Developer - Javascript/AngularJS,Coders Brain Technology Pvt. Ltd.,"Bangalore, Karnataka",,,,2024-11-15,Source 1
Associate Director - Quality Assurance,Aptita Consulting Partners,India,,,,2024-11-09,Source 1
Business System Analyst,Talent21 Management and Shared Service Pvt Ltd,"Bangalore, Karnataka",,,,2024-11-23,Source 1
Zyxware Technologies - Senior Business Analyst - CBAP Certified,Zyxware Technologies Private Limited,"Kerala, India",,,,2024-10-12,Source 1
Dotflick Solutions - DevOps Engineer - TMS Administration,Dotflick Solutions,India,"devops, agile",,,2024-10-15,Source 1
V-Guard - Senior IT Manager,V-Guard Industries Ltd,"Ernakulam, Kerala",manager,,,2024-11-13,Source 1
Adobe Experience Platform Specialist - Configuration & Implementation,HNM Solutions,"Pune, Maharashtra",,,,2024-10-23,Source 1
Backend Developer - PHP/Node.js,Grapes Digital Pvt. Ltd.,"Delhi, India",,,,2024-11-16,Source 1
Ekfrazo Technologies - Magento Developer - eCommerce Websites,Ekfrazo Technologies,"Bangalore, Karnataka",,,,2024-11-02,Source 1
Motion Graphic Designer - Video Editing,Miles Education,"Bangalore, Karnataka",design,,,2024-10-08,Source 1
Business System Analyst,Ally Executive,"Bangalore, Karnataka",design,,,2024-11-26,Source 1
DigiLantern - Senior Full Stack Developer - Node.js/AngularJS,DigiLantern,"Noida, Ghaziabad",design,,,2024-10-25,Source 1
Adobe Analytics Engineer - SQL,SYSTEM SOFT TECHNOLOGIES INDIA PRIVATE LIMITED,India,sql,,,2024-11-21,Source 1
Sitecore Developer - C#/ASP/.Net,Scoop Technologies,India,design,,,2024-11-20,Source 1
Video Editor - Adobe Creative Suite,THEM consulting,India,design,,,2024-10-20,Source 1
Technical content writer,Wings Inc,"Mumbai, Maharashtra",,,,2024-10-20,Source 1
Quality Assurance - Functional/Performance Testing,Grapes Digital Pvt. Ltd.,"Delhi, India",,,,2024-11-16,Source 1
iOPEX - Data Analyst - SQL/ETL,iOPEX Technologies Private Limited,"Chennai, Tamil Nadu",sql,,,2024-11-20,Source 1
Java Developer - Data Structure & Algorithm,VARITE Inc.,India,"java, cloud",,,2024-11-27,Source 1
.Net Full Stack Developer - C#/Angular 2,DigitalCube Consultancy,India,,,,2024-10-22,Source 1
Senior Developer - AEM Applications,Risk Resources LLP,India,,,,2024-11-24,Source 1
System Administrator - Certinia,POTENTIAM OFFSHORE SERVICES PRIVATE LIMITED,"Bangalore, Karnataka",,,,2024-11-06,Source 1
MS Clarity Analyst,Vlaunchu,"Hyderabad, Telangana",,,,2024-10-23,Source 1
Google Analytics Developer,HNM Solutions,India,design,,,2024-10-22,Source 1
Digital Marketing,Savvy Search,India,,,,2024-10-27,Source 1
Fincity - Software Developement Engineer II - Java Technologies,Apya Capital Services Pvt. Ltd.,"Bangalore, Karnataka","java, design",,,2024-10-25,Source 1
Machine Learning Engineer,TekPillar,"Bangalore, Karnataka","python, sql, aws, flask, machine learning, kubernetes, design",,,2024-11-17,Source 1
Machine Learning Engineer,TekPillar,"Bangalore, Karnataka","aws, machine learning",,,2024-10-20,Source 1
Machine Learning Engineer,Rakuten,"Bangalore, Karnataka","machine learning, data science",,,2024-11-06,Source 1
Machine Learning Engineer,Avenue Code,"Bangalore, Karnataka",machine learning,,,2024-10-15,Source 1
HQ - Machine Learning Engineer,HQ,"Noida, Ghaziabad","machine learning, data science",,,2024-10-16,Source 1
Kloud9 - Machine Learning Engineer,Kloud9,"Bangalore, Karnataka",data science,,,2024-10-02,Source 1
Machine Learning Engineer - Python/Java,Mentorpal.ai,"Bangalore, Karnataka","machine learning, devops",,,2024-11-08,Source 1
Machine Learning Engineer - Computer Vision,Vikgol,"Bangalore, Karnataka","machine learning, design",,,2024-10-16,Source 1
Machine Learning Engineer - Data Science,Global Employees,India,"machine learning, design",,,2024-11-13,Source 1
Artificial Intelligence/Machine Learning Engineer,Ample Success Hr Solutions,"Bangalore, Karnataka","python, react",,,2024-10-09,Source 1
Artificial Intelligence/Machine Learning Engineer,Antal International,"Ernakulam, Kerala","machine learning, design",,,2024-10-11,Source 1
Machine Learning Engineer - Python Programming,Risemet Staffing LLP,"Bangalore, Karnataka","machine learning, design",,,2024-09-29,Source 1
IDfy - Senior Machine Learning Engineer,IDFY,"Pune, Maharashtra",,,,2024-11-09,Source 1
iTech - Machine Learning Engineer - LLM,iTech India Pvt Ltd,"Chennai, Tamil Nadu",,,,2024-11-27,Source 1
Senior Machine Learning Engineer - Python,Retail Kloud9 Technologies India Private Limited,"Bangalore, Karnataka","machine learning, data science, artificial intelligence",,,2024-11-13,Source 1
Machine Learning Engineer - Generative AI,Novotree Minds,India,"aws, machine learning, design",,,2024-10-24,Source 1
Principal Machine Learning Engineer - LLM,Merit Data and Technology,India,"python, machine learning, design",,,2024-11-21,Source 1
Artificial Intelligence/Machine Learning Engineer,Consulting Pandits,"Pune, Maharashtra","python, linux",,,2024-11-05,Source 1
Artificial Intelligence/Machine Learning Engineer,Starkenn Technologies,"Pune, Maharashtra",big data,,,2024-11-12,Source 1
Machine Learning Engineer - Deep Learning,RS Consultants,"Pune, Maharashtra",,,,2024-11-28,Source 1
Machine Learning Engineer - Python/Tensorflow,Railofy,India,machine learning,,,2024-11-22,Source 1
Artificial Intelligence/Machine Learning Engineer,Quickads,India,,,,2024-11-26,Source 1
Artificial Intelligence/Machine Learning Engineer,TopHire.co,"Bangalore, Karnataka",design,,,2024-11-25,Source 1
Machine Learning Engineer - Python/Java,BPK Tech,India,"python, java, aws, azure, cloud, design",,,2024-10-30,Source 1
Artifical Intelligence & Machine Learning Engineer,MountTalent Consulting,"Chandigarh, India","machine learning, data science, devops",,,2024-10-19,Source 1
Artificial Intelligence/Machine Learning Engineer,East 57th Street Partners,India,machine learning,,,2024-10-04,Source 1
Machine Learning Engineer - Predictive Analytics,Anlage Infotech  Pvt Ltd,India,data science,,,2024-10-02,Source 1
Artificial Intelligence/Machine Learning Engineer,Gloify,"Bangalore, Karnataka","machine learning, data science, artificial intelligence, design",,,2024-10-08,Source 1
Ripik.AI - Machine Learning Engineer,Ripik.ai,"Noida, Ghaziabad",,,,2024-10-01,Source 1
Artificial Intelligence/Machine Learning Engineer,Kairos Konnect,"Mohali, Punjab","python, sql, machine learning",,,2024-11-12,Source 1
UX Designer,talentxo,"Delhi, India",design,,,2024-09-29,Source 1
UI/UX Designer,Hash Studioz Technologies,"Delhi, India",design,,,2024-11-20,Source 1
Senior UX Designer,OptOut,"Bangalore, Karnataka",design,,,2024-10-09,Source 1
UI/UX Designer,WaveHire,India,design,,,2024-11-18,Source 1
UI/UX Designer,Paccore Software,"Hyderabad, Telangana",design,,,2024-11-21,Source 1
Director - UX Design,Cortex Consulting Pvt. Ltd.,"Chennai, Tamil Nadu",design,,,2024-11-21,Source 1
Director - UX Design,Cortex Consultants,"Chennai, Tamil Nadu",design,,,2024-11-14,Source 1
Salesforce UX Designer,HNM Solutions,India,design,,,2024-10-30,Source 1
Senior UX Designer,SGP India Pvt LTd,India,design,,,2024-11-26,Source 1
UI/UX Designer - Figma,Mobile Programming LLC,India,design,,,2024-11-28,Source 1
Senior UI/UX Designer,Kadel Labs Private Limited,India,design,,,2024-11-16,Source 1
UI/UX Designer - Figma,MNR Solutions,"Mohali, Punjab","html, css, design",,,2024-10-23,Source 1
UX Designer - Figma/Sketch,HireVeda,"Hyderabad, Telangana",design,,,2024-10-26,Source 1
UX Designer - Interaction Design,Yo HR Consultancy,India,design,,,2024-11-22,Source 1
UX Designer - Adobe XD,IndieFolio Network,"Mumbai, Maharashtra",design,,,2024-11-16,Source 1
Manager - UI/UX Design,Sampoorna Consultants Pvt. Ltd,"Bangalore, Karnataka",design,,,2024-11-23,Source 1
Exly - UI/UX Designer,EXLY,India,,,,2024-10-10,Source 1
UX Designer - Adobe XD,Flairdeck consulting,"Navi Mumbai, Maharashtra","manager, design",,,2024-10-25,Source 1
UX Designer - Product Design,HRwing,"Bangalore, Karnataka",design,,,2024-11-03,Source 1
UI/UX Designer - Figma,Serving Skill,"Mumbai, Maharashtra","manager, design",,,2024-11-22,Source 1
UX Designer - Adobe Creative Suite,ATech,India,design,,,2024-11-22,Source 1
UX Design Lead - Adobe XD,Allnessjobs,"Hyderabad, Telangana",design,,,2024-10-10,Source 1
UI/UX Designer - Figma/Sketch,IT software,"Mohali, Punjab",design,,,2024-10-29,Source 1
UX Designer - User-Centered Design,Ascent Force,India,,,,2024-11-14,Source 1
UX Design Lead - Interaction Design,Indus Net Technologies,"Hyderabad, Telangana",design,,,2024-10-30,Source 1
UI/UX Designer - Figma/Sketch,Zanskar Research,India,,,,2024-11-19,Source 1
UI/UX Designer - Interaction Design,The Fast Way,"Navi Mumbai, Maharashtra",design,,,2024-11-07,Source 1
UI/UX Designer - Photoshop/Illustrator,Revolo Infotech,India,design,,,2024-11-08,Source 1
UX Designer - Adobe XD/Figma,NovoTree Minds Consulting Pvt. Ltd,India,design,,,2024-10-31,Source 1
UI/UX Designer - Sketch/Photoshop,X Arterian,India,design,,,2024-11-12,Source 1
IT Support Specialist,Acute Informatics Pvt Ltd,"Ahmedabad, Gujarat",,,,2024-11-20,Source 1
IT Support Engineer,Aricent,India,,,,2024-11-27,Source 1
Executive - IT Support,Grand View Research,"Pune, Maharashtra",,,,2024-10-15,Source 1
IT Support Engineer,Alliance International Services,"Gujarat, India",,,,2024-10-10,Source 1
Senior IT Support Engineer,Aricent,India,,,,2024-11-10,Source 1
Rently - IT Support Engineer,Rently Software Development Private Limited,"Coimbatore, Tamil Nadu",,,,2024-11-13,Source 1
IT Support Engineer - Network Support,ATech,India,,,,2024-11-22,Source 1
IT Support Engineer - Active Directory,Rigel Networks,India,,,,2024-10-26,Source 1
Amagi Media - IT Support Engineer,Amagi Media Pvt Ltd,"Bangalore, Karnataka",design,,,2024-10-15,Source 1
Senior Cloud IT Support Engineer - IT Infrastructure,Xcel Hire Management Solutions,"Hyderabad, Telangana",cloud,,,2024-10-31,Source 1
TripleLift - IT Support Engineer - Cloud Infrastructure,TripleLift,"Pune, Maharashtra",,,,2024-11-16,Source 1
Falabella India - IT Support/System Administration,FALABELLA CORPORATE SERVICES INDIA PRIVATE LIMITED,"Bangalore, Karnataka",jira,,,2024-11-13,Source 1
R&D Associate - IT Support Services,Buchprufer Consultants LLP,India,manager,,,2024-11-22,Source 1
IT Infrastructure Support Engineer - System Support,Dotflick Solutions,India,,,,2024-11-14,Source 1
Support Engineer - IT Operations,Otomeyt,"Mumbai, Maharashtra",,,,2024-10-02,Source 1
"Analyst II, IT Business Support(Category management/Strategic Sourcing & Procurement)",Bristol Myers Squibb,"Hyderabad, Telangana",,,,2024-11-21,Source 1
IT Head - Infra Tech Support,Black Turtle India Pvt Ltd,"Navi Mumbai, Maharashtra",,,,2024-10-27,Source 1
IT Systems Administrator - Technical Support,EXPEDITE HIRE,"Ahmedabad, Gujarat",,,,2024-10-09,Source 1
Technical Support Engineer - IT Infrastructure,ClearTrail Technologies,India,,,,2024-11-09,Source 1
Crest IT Consulting - L2 Application Support Engineer - Troubleshooting,Crest IT consulting,"Navi Mumbai, Maharashtra",sql,,,2024-10-11,Source 1
Lead Network Security Engineer {Python & AWS},Delta Air Lines,"Bangalore, Karnataka",,,,2024-11-22,Source 1
Yan IT Solutions - Functional/Technical Support Lead - IBM Maximo,YAN IT SOLUTIONS PVT LTD,"Bangalore, Karnataka",,,,2024-11-28,Source 1
Lead Network Security Engineer,Delta Air Lines,"Bangalore, Karnataka",,,,2024-11-22,Source 1
It Support,ExcelTech Computers Pte Ltd,"Pune, Maharashtra",,,,2024-10-16,Source 1
IT Support,Greyblue Ventures,India,azure,300000.0,400000.0,2024-06-01,Source 1
IT Support,Prodat It Solutions,"Bangalore, Karnataka",azure,,,2024-11-11,Source 1
IT Support,Project Eagle,"Jaipur, Rajasthan",,0.0,500000.0,2021-05-26,Source 1
IT Support,FULL Creative,"Chennai, Tamil Nadu",,,,2024-10-30,Source 1
IT Support,,"Pune, Maharashtra",,,,2024-05-10,Source 1
IT Support,,"Pune, Maharashtra",,,,2024-05-10,Source 1
Cloud FinOps Financial Analyst,SPG Consulting Solutions Pvt.Ltd,India,cloud,,,2024-11-08,Source 1
Workday Finance/Reporting Analyst - Implementation,Nikhil Gadodia Freelancer,"Pune, Maharashtra",design,,,2024-11-13,Source 1
Oracle Systems Analyst - Financials Modules,Recruit Panda,India,cloud,,,2024-10-09,Source 1
"Sr. Analyst, Financial Systems EPM/ePBCS",Inspire Brands Hyderabad Support Center,"Hyderabad, Telangana",,,,2024-11-22,Source 1
Money Honey Finance Service - Business Analyst,Money Honey Finance Service Pvt Ltd,"Mumbai, Maharashtra",design,,,2024-10-30,Source 1
Analyst - Sanctions Trade Finance,MUFG Global Service ,"Bangalore, Karnataka",,,,2024-11-22,Source 1
Senior Analyst - Financial Crimes [UAT or User Acceptance Testing],MUFG Global Service ,"Bangalore, Karnataka",,,,2024-11-22,Source 1
Senior Analyst - Financial Crimes {Customer Due Diligence & Testing},MUFG Global Service ,"Bangalore, Karnataka",,,,2024-11-22,Source 1
Ventura Securities - Senior Business Analyst - Financial Services Domain,Ventura Securities Ltd.,"Mumbai, Maharashtra",,,,2024-11-26,Source 1
Senior System Analyst - Oracle Financials Module,Appsnext Technologies Pvt Ltd,India,cloud,,,2024-10-02,Source 1
Crypto & Blockchain Analyst - DeFi Protocols,D Square Consulting Services Pvt Ltd,"Bangalore, Karnataka",,,,2024-11-23,Source 1
AVP - GOS - Business Manager [ FP&A & PowerBI],MUFG Global Service ,"Bangalore, Karnataka",,,,2024-11-22,Source 1
AVP - GOS - Business Manager [Financial Planning and Analysis & PowerBI],MUFG Global Service ,"Bangalore, Karnataka",,,,2024-11-22,Source 1
AVP-GOS-Business Manager,MUFG Global Service ,"Bangalore, Karnataka",,,,2024-11-22,Source 1
Analyst - Trade [Trade Finance & Import],MUFG Global Service ,"Bangalore, Karnataka",,,,2024-11-22,Source 1
SAC Planning Consultant,Mouri Tech  Ltd,India,,,,2024-11-22,Source 1
Financial Analyst/Senior Financial Analyst,Bright IT Global,India,,,,2024-10-25,Source 1
Financial Analyst/Senior Financial Analyst,VerveNest Technologies Pvt Ltd,"Bangalore, Karnataka",,300000.0,400000.0,2024-03-01,Source 1
Financial Analyst,2coms,"Khengrapatti, Kolkata",,,,2024-11-23,Source 1
Financial Analyst,Bahwan Cybertek Group,India,,,,2024-07-29,Source 1
Finance Analyst,NuePR Private Limited,"Gurgaon, Haryana",,600000.0,600000.0,2024-07-04,Source 1
Financial Analyst,System Soft Technologies,"Kyasaram, Hyderabad",,,,2024-09-26,Source 1
Financial Analyst,Two95 International Inc.,India,,,,2023-01-31,Source 1
Financial Analyst,Visa,"Bangalore, Karnataka",,,,2024-11-21,Source 1
Finance Analyst,Smiths Detection,India,,,,2024-11-26,Source 1
Analyst - Sanctions Trade Finance (Sanctions & Trade Finance),MUFG Global Service ,"Bangalore, Karnataka",,,,2024-11-22,Source 1
Financial Analyst,TalentPro India,India,,,,2024-11-20,Source 1
Financial Analyst,Inventionyard,"Hyderabad, Telangana",,200000.0,300000.0,2024-05-31,Source 1
Financial Analyst,R3 Consultant,"Pune, Maharashtra",,,,2024-10-11,Source 1
Financial Analyst,Innovation Technology By Design,"Noida, Ghaziabad",,,,2024-09-20,Source 1
Senior Manager - HR operations,ANSR Global Corporation,"Bangalore, Karnataka",manager,,,2024-11-22,Source 1
Assistant Manager - HR Operations,ANSR Global Corporation,"Bangalore, Karnataka",manager,,,2024-11-22,Source 1
Assistant Manager-HR Ops,ANSR Global Corporation,"Bangalore, Karnataka",sql,,,2024-11-22,Source 1
Senior Manager [HR operations and Payroll],ANSR Global Corporation,"Bangalore, Karnataka",manager,,,2024-11-22,Source 1
Sr. Manager HR Business Partner,ANSR Global Corporation,"Hyderabad, Telangana",manager,,,2024-11-22,Source 1
Assistant Manager - HR Ops [HR Operations or HR],ANSR Global Corporation,"Bangalore, Karnataka",sql,,,2024-11-22,Source 1
Senior Manager (Payroll & HR operations),ANSR Global Corporation,"Bangalore, Karnataka",manager,,,2024-11-22,Source 1
Assistant Manager - HR Ops {HR Operations & Visual Basics},ANSR Global Corporation,"Bangalore, Karnataka",sql,,,2024-11-22,Source 1
ServiceNow Developer - Service Management Implementation,Talent Destination,"Chennai, Tamil Nadu","javascript, html, css",,,2024-10-23,Source 1
StaidLogic - ServiceNow Developer - ITSM Module,STAIDLOGIC SOFTWARE PRIVATE LIMITED,India,,,,2024-10-16,Source 1
ServiceNow HRSD Developer,MERGEN CORPORATES PRIVATE LIMITED,India,design,,,2024-10-10,Source 1
SAP Project Manager,SAPBOT Technologies,"Hyderabad, Telangana",,,,2024-10-02,Source 1
Oracle Fusion HCM Consultant,Vionsys IT Solutions India Pvt. Ltd,"Bangalore, Karnataka",,,,2024-11-24,Source 1
Technical Lead - Java/React.js,Human Forte,"Mumbai, Maharashtra",java,,,2024-11-23,Source 1
Max Life Insurance - IT Program Manager - Product Engineering,Max life insurance co ltd,India,,,,2024-11-15,Source 1
ServiceNow HRSD Consultant,ITQube LTD,"Pune, Maharashtra",,,,2024-11-15,Source 1
HR Manager,Savvy Search,"Bangalore, Karnataka",manager,,,2024-11-19,Source 1
Full Stack Developer - Java/React.js,Human Forte,"Mumbai, Maharashtra",,,,2024-10-10,Source 1
Senior Data Analyst - Dashboard Design,Human Forte,"Pune, Maharashtra",,,,2024-10-10,Source 1
Senior Java Full Stack Developer - Microservices Architecture,Human Forte,"Mumbai, Maharashtra",java,,,2024-10-10,Source 1
Full Stack Developer - PHP/React.js,Human Forte,"Mumbai, Maharashtra",,,,2024-10-10,Source 1
HR Manager,Prompt Personnel Pvt Ltd,"Antop Hill, Mumbai","manager, design",1000000.0,1200000.0,2024-11-21,Source 1
HR Manager,System Soft Technologies,"Hyderabad, Telangana",manager,,,2024-10-01,Source 1
HR Manager,Abmiro,"Baner, Pune",manager,,,2024-11-21,Source 1
Oracle HCM Consultant - Implementation & Support,Antal,India,cloud,,,2024-10-16,Source 1
HR Manager,Highrise Solutions LLP,"Pune, Maharashtra",manager,,,2024-09-05,Source 1
HR Manager,Kaapro Management Solutions,"Ahmedabad, Gujarat",manager,,,2024-07-31,Source 1
HR Manager,Just Signs India,India,manager,360000.0,600000.0,2024-07-31,Source 1
HR Manager,BJR Group,"Warangal, Telangana",manager,300000.0,420000.0,2024-07-31,Source 1
HR Manager,BJR Group,"Warangal, Telangana",manager,300000.0,420000.0,2024-04-04,Source 1
Technical content writer,Wings Inc,"Mumbai, Maharashtra",,,,2024-10-20,Source 1
Technical Content Writer,genxhire,"Chennai, Tamil Nadu",,,,2024-10-23,Source 1
Technical Content Writer,Machine Minds,"Pune, Maharashtra",,,,2024-10-16,Source 1
Technical Content Writer - SEO,Xcelore,"Noida, Ghaziabad",,,,2024-11-20,Source 1
Ginger Webs - Technical Content Writer,Ginger Webs Pvt. Ltd.,"Noida, Ghaziabad",,,,2024-10-24,Source 1
zLink - Technical Content Writer - FedRAMP Certified,ZL SOFTWARE SYSTEMS PRIVATE LIMITED,India,,,,2024-10-29,Source 1
Motion Graphic Designer - After Effects/Premiere Pro,ATech,India,,,,2024-11-13,Source 1
Lenskart.com - Product Manager,Hirist.tech,"Bangalore, Karnataka",,,,2024-11-22,Source 1
SocialPilot - Web Developer - Javascript/HTML5/CSS3,SocialPilot,"Ahmedabad, Gujarat",,,,2024-10-26,Source 1
Content writer,Naukripay,"Ator Nagla, Ghaziabad",,15000.0,20000.0,2024-11-23,Source 1
Content Writer,CultureX Entertainment Pvt Ltd,"Bodakdev, Ahmedabad",,360000.0,480000.0,2024-11-14,Source 1
Content Writer,,"Gurgaon, Haryana",,,,2024-05-10,Source 1
Content writer,Brainwonders,"Mumbai, Maharashtra",,,,2024-11-23,Source 1
Content Writer,PlaySimple Games,"Richmond Town, Bangalore",,,,2024-07-31,Source 1
Content Writer,,"Chennai, Tamil Nadu",,,,2024-05-10,Source 1
Content Writer,Imagine.io,India,,,,2024-11-25,Source 1
Content Writer,SocialPilot,"Ambawadi Vistar, Ahmedabad",,,,2024-06-05,Source 1
Content Writer,Trackier,India,,,,2024-09-04,Source 1
Content Writer,LRN Corporation,India,,,,2024-11-14,Source 1
Content Writer,,"Noida, Ghaziabad",,,,2024-05-10,Source 1
Content Writer,Magneto IT Solutions Pvt. Ltd.,"Ambawadi Vistar, Ahmedabad",design,,,2024-06-28,Source 1
Content Writer,Trigent Software Private Limited,India,,,,2024-11-21,Source 1
Content Writer,Pixel Web Solutions,"Madurai, Tamil Nadu",,,,2024-11-23,Source 1
Content Writer/ Technical Content Writer,TheServerGuy,"Delhi, India",,24.0,24000.0,2020-10-24,Source 1
Content Writer,Gallivant,India,,0.0,500000.0,2021-11-05,Source 1
Content Writer,,"Kolkata, West Bengal",,,,2024-05-10,Source 1
Content Writer,Cybersurf India,"Ahmedabad, Gujarat",manager,,,2024-07-31,Source 1
Content Writer,GramPro Business Services,"Thrissur, Kerala",,,,2024-07-31,Source 1
Content Writer,Live Connections,"Chennai, Tamil Nadu",,,,2024-07-11,Source 1
Content Writer,MyDentalPlan,"Jaipur, Rajasthan",,400000.0,600000.0,2022-03-26,Source 1
Graphic Designer (Graphic Design or Graphic),Talent500,"Bangalore, Karnataka",design,,,2024-11-22,Source 1
Graphic Designer,Talent500,"Bangalore, Karnataka",design,,,2024-11-23,Source 1
Graphic Designer & Visualizer - Unigraphics,Dotflick Solutions,India,design,,,2024-11-23,Source 1
Graphic Designer - Adobe Photoshop,Venture Smarter,India,,,,2024-11-20,Source 1
Graphic Designer - Photoshop/Illustrator,Wings Inc,"Mumbai, Maharashtra",design,,,2024-10-15,Source 1
Graphic Designer - Illustrator/Photoshop,HuMetis Technologies Inc.,"Chandigarh, India",design,,,2024-11-22,Source 1
Graphic Designer - Photoshop/Illustrator,People Tech Group Careers,"Hyderabad, Telangana",design,,,2024-11-14,Source 1
PayWize - Motion Graphic Designer,PAYWIZE TECHNOLOGIES PVT LTD,"Bangalore, Karnataka",,,,2024-10-17,Source 1
Graphic Designer - Photoshop/Illustrator,Core Edge Solutions LLP,"Bangalore, Karnataka",,,,2024-11-27,Source 1
Graphic Designer - Photoshop/Illustrator,Flairdeck consulting,"Delhi, India",,,,2024-10-27,Source 1
Graphic Designer - Illustrator/Photoshop,N Human Resources and Management Systems,"Bangalore, Karnataka",design,,,2024-10-11,Source 1
Graphic Designer - Figma/Photoshop,Suffescom Solutions Pvt Ltd,"Mohali, Punjab","html, css, design",,,2024-10-10,Source 1
Meesho - Motion Graphic Designer,Meesho,"Bangalore, Karnataka",,,,2024-11-17,Source 1
Magicpin - Senior Graphic Designer,Magicpin,India,,,,2024-10-08,Source 1
Graphic Designer - Adobe XD/Illustrator,Arting Digital,"Mumbai, Maharashtra",design,,,2024-11-13,Source 1
Graphics Designer - Adobe Creative Suite,Confidential Company,India,design,,,2024-11-21,Source 1
Graphic Designer - Adobe Creative Suite,Talent Pro,India,design,,,2024-11-26,Source 1
Graphic Designer - Adobe Creative Suite,Auditorsdesk,"Delhi, India",,,,2024-10-22,Source 1
Graphic Designer - Adobe Creative Suite,INTINERI INFOSOL PRIVATE LIMITED,"Mumbai, Maharashtra",design,,,2024-11-10,Source 1
Graphic Designer - Adobe Creative Cloud,Corporate Stalwarts,India,design,,,2024-11-19,Source 1
TrueFan - Motion Graphic Designer - Animation,TrueFan,India,design,,,2024-10-23,Source 1
Graphic Designer - UX/UI Design,Hirebloc Ventures Pvt Ltd,"Mumbai, Maharashtra",design,,,2024-10-08,Source 1
Graphic Designer - Illustrator/Photoshop/InDesign,VAP GROUP,"Vadodara, Gujarat",artificial intelligence,,,2024-10-11,Source 1
Ctruh - Graphic Designer - Photoshop/Illustrator,Ct,"Bangalore, Karnataka",design,,,2024-11-08,Source 1
DeltaX - Graphic Designer - Illustrator/Photoshop,DeltaX,"Pune, Maharashtra",design,,,2024-10-16,Source 1
Motion Graphics Designer - 3D Animation,HR Consulting,India,design,,,2024-11-19,Source 1
Motion Graphic Designer - Video Editing,Miles Education,"Bangalore, Karnataka",design,,,2024-10-08,Source 1
Motion Graphic Designer - 3D Animation,Snap Find,India,design,,,2024-11-17,Source 1
Graphic Designer - Adobe Creative Cloud,Winning Edge,"Bangalore, Karnataka",design,,,2024-10-09,Source 1
Graphic Designer - Adobe Creative Suite,EGS Infotech Pvt Ltd,India,design,,,2024-11-16,Source 1
Product Manager,Qode.world,India,manager,,,2024-11-15,Source 1
Product Manager,Prudential Travels Pvt. Ltd.,"Bangalore, Karnataka",manager,,,2024-10-09,Source 1
Product Manager,Petals Careers,"Bangalore, Karnataka",,,,2024-11-21,Source 1
Product Manager,Just in time,"Mumbai, Maharashtra","manager, design",,,2024-11-15,Source 1
Product Manager,Talentoj,India,design,,,2024-11-15,Source 1
Product Manager,Top Talent Technologies Pvt Ltd,India,design,,,2024-11-28,Source 1
Product Manager,upforwork,"Bangalore, Karnataka",manager,,,2024-11-27,Source 1
Product Manager,Inamul Hasan,India,,,,2024-10-08,Source 1
Product Manager,Mig Staffing,"Trivandrum, Thiruvananthapuram",manager,,,2024-10-30,Source 1
IT Product Manager,Dotflick Solutions,India,manager,,,2024-11-19,Source 1
Technical Product Manager,Talentsocio,"Mumbai, Maharashtra",manager,,,2024-11-19,Source 1
Technical Product Manager,talentxo,India,manager,,,2024-11-17,Source 1
CoinCrowd - Product Manager,CoinCrowd,India,manager,,,2024-10-15,Source 1
Senior Product Manager,talentgen advisory LLP,"Bangalore, Karnataka",manager,,,2024-11-23,Source 1
Product Management Manager,TJX India,"Hyderabad, Telangana",,,,2024-11-22,Source 1
Senior Product Manager,SGP India Pvt LTd,India,,,,2024-11-27,Source 1
Technical Product Manager,Talent Socio,"Mumbai, Maharashtra",manager,,,2024-11-23,Source 1
Associate Product Manager,UNSTOP,India,manager,,,2024-10-31,Source 1
PayWize - Product Manager,PAYWIZE TECHNOLOGIES PVT LTD,"Bangalore, Karnataka",,,,2024-11-26,Source 1
Thrillophilia - Product Manager,Thrillophilia.com,"Jaipur, Rajasthan",design,,,2024-11-23,Source 1
Platform Product Manager,talentgen advisory LLP,"Bangalore, Karnataka","manager, design",,,2024-11-26,Source 1
Senior Product Manager,Strategic Talent Partner LLP,India,design,,,2024-10-04,Source 1
Senior Product Manager,Maropost,India,manager,,,2024-11-05,Source 1
Senior Product Manager,McDonalds in India,"Hyderabad, Telangana",manager,,,2024-11-28,Source 1
Technical Product Manager,Paralleldots,India,manager,,,2024-11-12,Source 1
Technical Product Manager,Wings Inc,"Delhi, India",,,,2024-10-10,Source 1
AgroStar - Product Manager,AgroStar,"Pune, Maharashtra",,,,2024-11-26,Source 1
Senior Product Manager,BBY India,"Bangalore, Karnataka",,,,2024-11-22,Source 1
Associate Product Manager,Mobifly,India,"manager, design",,,2024-11-28,Source 1
Product Manager - Roadmap & Strategy,Qode.world,India,manager,,,2024-11-15,Source 1
DevOps Engineer,Prachas Technologies,India,"devops, cloud",,,2024-10-26,Source 1
DevOps Engineer,Igrow Consultant Pvt Ltd,"Hyderabad, Telangana","devops, docker, agile, cloud",,,2024-10-30,Source 1
DevOps Engineer - Azure,Resource Tree Global Services,"Chennai, Tamil Nadu","azure, devops, cloud",,,2024-11-09,Source 1
DevOps Engineer - Kubernetes,Consultancy,India,"devops, kubernetes, design",,,2024-10-31,Source 1
HiveMinds - DevOps Engineer,Hiveminds,"Bangalore, Karnataka",devops,,,2024-10-19,Source 1
DevOps Engineer - Azure,Exiga Software Services LLC's,"Hyderabad, Telangana","azure, devops, cloud, design",,,2024-11-09,Source 1
Azure DevOps Engineer,ConnectIO IT Pvt Ltd,"Kolkata, West Bengal","azure, devops, design",,,2024-10-31,Source 1
DevOps Engineer - Azure,Scoop Technologies Pvt Ltd,"Chennai, Tamil Nadu","python, java, azure, devops, kubernetes, docker",,,2024-11-22,Source 1
Azure DevOps Engineer,Upnotch Consulting,"Bangalore, Karnataka","azure, devops, cloud",,,2024-11-09,Source 1
Azure DevOps Engineer,upGrad,India,"azure, devops, kubernetes, docker",,,2024-10-04,Source 1
DevOps Engineer - Linux,Macrohire,India,"azure, docker, linux",,,2024-11-10,Source 1
DevOps Engineer - Kubernetes,Awign,"Bangalore, Karnataka",,,,2024-11-28,Source 1
Senior Devops Engineer,Talent500 Tech,"Bangalore, Karnataka",,,,2024-11-22,Source 1
AWS DevOps Engineer,Circuit Compilers,"Hyderabad, Telangana","python, aws, devops, cloud",,,2024-11-12,Source 1
Azure/DevOps Engineer,Gloify,"Bangalore, Karnataka",design,,,2024-10-29,Source 1
DevOps Engineer - Mainframe,VENZO TECHNOLOGIES PRIVATE LIMITED,"Chennai, Tamil Nadu","devops, linux",,,2024-10-22,Source 1
DevOps Engineer - OpenShift,Gloify,"Bangalore, Karnataka","devops, cloud",,,2024-11-05,Source 1
DevOps Engineer - Azure,ADVANSOFT,"Hyderabad, Telangana","azure, devops, manager, cloud",,,2024-11-02,Source 1
AWS/DevOps Engineer,IT,India,"aws, devops, cloud, design",,,2024-10-17,Source 1
DevOps Engineer - Terraform,Getinz Techno Services,"Chennai, Tamil Nadu",linux,,,2024-10-26,Source 1
MLOps/DevOps Engineer,RANDOMTREES PRIVATE LIMITED,India,design,,,2024-10-17,Source 1
Azure DevOps Engineer,PROCONNXT,"Bangalore, Karnataka","sql, azure, devops, linux, cloud, design",,,2024-10-04,Source 1
DevOps Engineer - Azure Platform,Teamware Solutions ( A division of Quantum Leap Co,"Bangalore, Karnataka",devops,,,2024-11-27,Source 1
DevOps Engineer - AWS/Docker,Resource Tree Global Services,"Chennai, Tamil Nadu","python, aws, devops, docker, linux",,,2024-10-24,Source 1
DevOps Engineer - Docker/Kubernetes,HyrEzy Talent Solutions,India,"aws, devops",,,2024-11-22,Source 1
Scry AI - DevOps Engineer,Scry Analytics India Pvt Ltd.,India,"devops, design",,,2024-10-18,Source 1
DevOps Engineer - Cloud Platform,NEXTHIRE LLP,India,"devops, design",,,2024-11-07,Source 1
DevOps Engineer - Puppet/Ansible,Wits Innovation Lab,"Chandigarh, India","devops, kubernetes, docker",,,2024-10-17,Source 1
Senior DevOps Engineer - ServiceNow,Avensys Consulting PVT LTD,India,,,,2024-11-25,Source 1
DevOps Engineer - Cloud Infrastructure,Innovalus Technologies Pvt Ltd,"Pune, Maharashtra","devops, cloud",,,2024-10-25,Source 1
Appian Developer - BPM Implementation,Madhavi Consultant And Services,India,manager,,,2024-10-27,Source 1
Appian Developer - L2 Certification,Madhavi Consultant And Services,India,manager,,,2024-10-27,Source 1
Sales executive,Naukripay,"Rania, Sirsa",,18000.0,20000.0,2024-10-31,Source 1
Sales Executive,Facts Online Private Limited,"Borivali East, Mumbai",,,,2024-06-17,Source 1
Sales Executive,,"Bhopal, Madhya Pradesh",,,,2024-05-10,Source 1
Sales Executive,Rightwatts Solutions pvt ltd,India,,,,2024-11-16,Source 1
Sales Executive,ASCENDHUB CONSULTING SERVICES PRIVATE LIMITED,"Mumbai, Maharashtra",,,,2024-10-19,Source 1
Sales Executive,Vraz Academy,India,,,,2024-10-23,Source 1
Sales Executive,Annai Lightings and Fans,"Velacheri, Chennai",,,,2024-05-14,Source 1
Sales Executive,PayFX Fintech Solutions,India,,,,2024-10-25,Source 1
Sales Executive,SHYAM ADVISORY,India,,,,2024-11-21,Source 1
Sales executive,Naukripay,"Kalimandir, Kolkata",,20000.0,30000.0,2024-11-25,Source 1
Sales Executive,Capital Evtric Motors,"Mini Sectt., Gurgaon",,,,2024-11-06,Source 1
Sales Executive,,"Chennai, Tamil Nadu",,,,2024-05-10,Source 1
Sales executive,,"Nainital, Uttarakhand",,,,2024-05-10,Source 1
Sales executive,,"Indore, Madhya Pradesh",,,,2024-05-10,Source 1
Sales Executive,NAC JEWELLERS,India,,,,2024-11-12,Source 1
Sales Executive,Elite Tech Park,"Kochi, Ernakulam",,,,2024-11-05,Source 1
Sales Executive,Elite Tech Park,"Coimbatore North, Coimbatore",,,,2024-11-05,Source 1
sales Executive,Nexgenhiringexperts,"Mysore, Karnataka",,,,2024-10-24,Source 1
Sales Executive,ASCENDHUB CONSULTING SERVICES PRIVATE LIMITED,India,,,,2024-11-07,Source 1
Sales Executive,Sisco Jobs,"Srirangam, Tiruchirappalli",,30000.0,30000.0,2024-11-13,Source 1
SALES EXECUTIVE,Nexgenhiringexperts,"Andhra Pradesh, India",,,,2024-11-13,Source 1
Sales Executive,Cropex Limited,India,,,,2024-11-14,Source 1
Sales Executive,Genetic Instruments,India,,,,2024-11-16,Source 1
Sales executive,Naukripay,"Dindori, Nashik",,15000.0,20000.0,2024-11-28,Source 1
Sales Executive,Proptel Ventures Pvt. Ltd.,"Dlf Ph, Gurgaon",,,,2024-10-24,Source 1
Sales Executive,Savvy Search,"Gujarat, India",,,,2024-08-13,Source 1
Sales Executive,Savvy Search,"Rajasthan, India",,,,2024-08-13,Source 1
Sales Executive,KM ENTERPRISES,"Yanam, Puducherry",,,,2024-11-23,Source 1
Senior Marketing Automation Manager - Marketo,SYSTEM SOFT TECHNOLOGIES INDIA PRIVATE LIMITED,"Bangalore, Karnataka",manager,,,2024-11-23,Source 1
Salesforce Marketing Cloud Developer - Configuration Management,HNM Solutions,"Pune, Maharashtra",cloud,,,2024-11-06,Source 1
Assistant Manager - Employer Branding & Marketing,ANSR Global Corporation,"Hyderabad, Telangana",manager,,,2024-11-22,Source 1
Technical Operation Manager - CMS/Marketing Automation Platform,Xerago,"Chennai, Tamil Nadu",manager,,,2024-11-23,Source 1
Salesforce Manager - Sales/Service/Marketing Cloud,MNR Solutions,India,manager,,,2024-10-16,Source 1
Assistant Manager - Employer Branding and Marketing,ANSR Global Corporation,"Hyderabad, Telangana",manager,,,2024-11-22,Source 1
Marketing Manager,Luminary Group,India,manager,,,2024-05-15,Source 1
Marketing Manager,Chirayu Power Private Limited,India,manager,,,2024-10-19,Source 1
Marketing Manager,Nurdsoft,India,manager,,,2024-07-09,Source 1
Marketing Manager,Vizmo,"Cahmrajendrapet, Bangalore",manager,,,2024-11-26,Source 1
Marketing Manager,Cloud Counselage Pvt Ltd,"Mumbai, Maharashtra",manager,,,2024-11-05,Source 1
Marketing Manager,Acme Services Private Limited,"Bazargate, Mumbai",,1500000.0,2000000.0,2024-11-24,Source 1
Marketing Manager,Trackier,India,,,,2024-09-04,Source 1
Marketing Manager / Senior Marketing Manager,Warehouse Now,"Bangalore, Karnataka",,500000.0,1500000.0,2022-04-17,Source 1
DigiHelic Solutions - Senior Marketing Cloud Consultant,Digihelic Solutions Private Limited,"Pune, Maharashtra","javascript, html, css, cloud",,,2024-10-22,Source 1
Marketing Manager,Kaapro Management Solutions,"Delhi, India",manager,,,2024-08-08,Source 1
Marketing Manager,Sisha Greentech,"Noida, Ghaziabad",manager,,,2024-09-17,Source 1
Marketing mANAGER,Real Placements,India,,,,2024-07-31,Source 1
Marketing Manager,Hustlehub,"Bangalore, Karnataka",manager,,,2023-05-10,Source 1
Marketing Manager,Flying-Crews,"Ernakulam, Kerala",manager,60000.0,90000.0,2024-07-31,Source 1
Marketing Manager,AMIN SONS MARKETING PRIVATE LIMITED,India,manager,,,2024-11-06,Source 1
Marketing Manager,SSS Placement & Staffing Solutions,India,manager,3500000.0,5500000.0,2024-10-19,Source 1
Marketing Manager,Kaapro Management Solutions,"Indore, Madhya Pradesh",manager,,,2024-07-31,Source 1
Marketing Manager,Lakshya Placement,"Rajkot, Gujarat",manager,360000.0,600000.0,2024-07-31,Source 1
Marketing Manager,Securico Electronics India Limited,"Faridabad, Haryana",manager,600000.0,840000.0,2023-09-20,Source 1
Marketing Manager,Bloomingdale International School,"Vijayawada, Krishna",manager,540000.0,780000.0,2024-09-30,Source 1
Marketing Manager,,"Bangalore, Karnataka",,,,2024-05-10,Source 1
Marketing Manager,Gamma Holdings.,"Kochi, Ernakulam",manager,,,2024-08-16,Source 1
Marketing Manager,MM Staffing & Career Consultants,"Pune, Maharashtra",manager,,,2024-07-31,Source 1
Marketing Manager,Covenant Consultants,"Chennai, Tamil Nadu",manager,420000.0,840000.0,2024-11-14,Source 1
Cloud Architect - AWS,Talent Trace Consultancy,India,"aws, devops, kubernetes, git, cloud",,,2024-10-04,Source 1
AWS Cloud Architect,INTELLISMITH CONSULTANCY PRIVATE LIMITED,India,"aws, cloud, design",,,2024-10-22,Source 1
Cloud Architect - Azure,Ara Resources Pvt Ltd,India,,,,2024-10-19,Source 1
Cloud Architect - Google Cloud Platform,Ara Resources Pvt Ltd,India,"big data, cloud",,,2024-11-03,Source 1
Cloud Architect - AWS/Azure,Growel Softech Pvt. Ltd.,"Bangalore, Karnataka","aws, azure, cloud, design",,,2024-10-24,Source 1
Cloud Architect - AWS Platform,Intellismith pvt Ltd,"Hyderabad, Telangana",,,,2024-10-17,Source 1
AWS Cloud Architect - Terraform,Intellismith pvt Ltd,"Hyderabad, Telangana",,,,2024-11-23,Source 1
Cloud Architect - Azure Infrastructure,KellyOCG,"Pune, Maharashtra","azure, cloud, design",,,2024-11-08,Source 1
Cloud Architect - Azure Platform,Datamatics Global Services Ltd,"Mumbai, Maharashtra","azure, cloud",,,2024-11-28,Source 1
Cloud Architect - Docker/Kubernetes,RADIANT DIGITAL SOLUTIONS PRIVATE LIMITED,"Hyderabad, Telangana",,,,2024-10-22,Source 1
Cloud Architect - AWS Infrastructure,The Metromax Group,"Bangalore, Karnataka","aws, devops, cloud, design",,,2024-10-30,Source 1
Cloud Architect - IoT Solutions,TechEra IT Consulting Pvt Ltd.,"Hyderabad, Telangana","aws, azure, cloud, design",,,2024-10-30,Source 1
Cloud Architect - Salesforce CPQ,Cloud odyssey,"Bangalore, Karnataka",cloud,,,2024-10-19,Source 1
Lead Cloud Architect - Google Cloud Platform,METAFOLKS TECHNOLOGIES,India,"aws, azure, cloud, design",,,2024-10-06,Source 1
Simpliigence - Marketing Cloud Architect - Salesforce,Simpliigence,"Bangalore, Karnataka","sql, javascript, cloud",,,2024-10-27,Source 1
Cloud Architect - IaaS/PaaS/SaaS,Evoke HR Solutions,India,"cloud, design",,,2024-11-14,Source 1
Cloud Architect - AWS/Azure/Google Cloud Platform,Growel Softech Pvt. Ltd.,"Bangalore, Karnataka","aws, azure, cloud, design",,,2024-10-31,Source 1
AWS Cloud Architect - Elastic Kubernetes Service,Technomech Placements,"Bangalore, Karnataka","aws, kubernetes, cloud, design",,,2024-11-08,Source 1
i2k2 - Cloud Architect - AWS/Azure Presales,i2k2 Network Pvt Ltd,"Noida, Gautam Buddha Nagar","aws, azure, cloud",,,2024-11-16,Source 1
Azure Cloud Architect - IaaS/PaaS/SaaS,UL,India,"azure, manager, cloud",,,2024-10-15,Source 1
CAST Software - Cloud Architect - IAC Terraform,CAST Software India Pvt Ltd,"Bangalore, Karnataka",cloud,,,2024-10-26,Source 1
Zensar Technologies - Salesforce Marketing Cloud Architect & Developer,Zensar Technologies,India,,,,2024-10-05,Source 1
Reflections Info Systems - .Net Cloud Architect - Azure,Reflections Info Systems P LTD,India,"sql, azure, devops, cloud",,,2024-11-02,Source 1
Cloud Solution Architect,Global Professional Services,"Chennai, Tamil Nadu","aws, azure, cloud, design",,,2024-11-27,Source 1
Cloud Solution Architect,Habilelabs Pvt. Ltd.,"Jaipur, Rajasthan","cloud, design",,,2024-10-11,Source 1
Cloud FinOps Architect,Flipped.ai,India,"cloud, design",,,2024-11-23,Source 1
Google Cloud Platform Architect - Cloud Solutions,Boolean Staffing and Recruitment Solutions Pvt Ltd,"Noida, Ghaziabad","aws, cloud, design",,,2024-10-18,Source 1
Azure Cloud Solution Architect - Cloud Infrastructure,4Bell Technology,"Pune, Maharashtra","cloud, design",,,2024-10-02,Source 1
Alethea Communications Technologies - Cloud Architect - CI/CD Pipeline,Alethea Communications Technologies Pvt. Ltd,"Bangalore, Karnataka",cloud,,,2024-10-05,Source 1
Salesforce Experience Cloud Architect - LWC/Apex/Visual Force,Coders Brain Technology Private Limited,India,"cloud, design",,,2024-11-22,Source 1
Mobile Developer - Java/SWIFT,Aricent,India,,,,2024-10-27,Source 1
Mobile Development Specialist - IoT,SKV Hiringmate Pvt Ltd,"Pune, Maharashtra",,,,2024-10-04,Source 1
Senior Mobile Developer - Flutter,talentxo,"Bangalore, Karnataka",,,,2024-11-06,Source 1
Mobile Developer - Android Platform,Talent one Consulting,"Bangalore, Karnataka",,,,2024-11-27,Source 1
Mobile Developer - iOS/Flutter,Aricent,India,design,,,2024-10-13,Source 1
Mobile Developer - React Native,HyrEzy Talent Solutions,"Chennai, Tamil Nadu",react,,,2024-11-21,Source 1
Senior Mobile Developer - React Native,talentxo,"Delhi, India","javascript, react",,,2024-11-17,Source 1
UX Mobile Developer - Kotlin/SWIFT,HNM Solutions,"Bangalore, Karnataka",design,,,2024-11-15,Source 1
HealthifyMe - Mobile Developer - iOS Platform,HealthifyMe Wellness Private Limited,"Bangalore, Karnataka",,,,2024-11-15,Source 1
Senior Mobile Developer II - Flutter,Treint Business,"Noida, Ghaziabad",design,,,2024-10-29,Source 1
Mobile Developer - iOS/Android Platform,ACE,"Coimbatore, Tamil Nadu",react,,,2024-09-29,Source 1
Senior Mobile Developer - Android Apps,Shipsy,India,,,,2024-11-15,Source 1
Senior Mobile Developer - Flutter Technologies,TALENT XO,"Bangalore, Karnataka",,,,2024-11-02,Source 1
Mobile Developer - iOS/Android Apps,Worksconsultancy,"Bangalore, Karnataka","manager, design",,,2024-11-28,Source 1
Senior Mobile Developer - Flutter Technologies,Telesistant,"Bangalore, Karnataka","javascript, css",,,2024-10-25,Source 1
UX Mobile Developer - Android & iOS Platform,Verinite Technology,"Bangalore, Karnataka",,,,2024-11-08,Source 1
AEM Mobile Developer - iOS/Android Apps,Coders Brain Technology Private Limited,India,"manager, design",,,2024-11-27,Source 1
UX Mobile Developer - iOS/Android Platform,ProPMO Services Private Limited,"Bangalore, Karnataka",design,,,2024-11-16,Source 1
Senior Mobile Developer - iOS & Android Platform,DigitalXNode,"Vadodara, Gujarat",,,,2024-11-09,Source 1
Senior Mobile Developer - iOS & Android Platform,Dashhire,India,react,,,2024-11-27,Source 1
Nichi - Senior Mobile Developer - Flutter/Android,Nichi-In Software Solution Pvt Ltd.,"Bangalore, Karnataka","java, design",,,2024-11-25,Source 1
Senior Mobile Developer - React Native Technologies,Dashhire,India,react,,,2024-11-20,Source 1
Senior Mobile Developer - iOS/Android Platforms,Engagedly Software India Private Limited,"Bangalore, Karnataka",,,,2024-10-23,Source 1
KPMG - Lead Mobile Developer - React Native,KPMG,"Hyderabad, Telangana",design,,,2024-10-02,Source 1
KPMG - Lead Mobile Developer - React Native,KPMG,"Bangalore, Karnataka",,,,2024-11-07,Source 1
Tinvio - Mobile Developer - iOS/Android Platforms,Tinvio Digital Services India Pvt Ltd,India,"agile, design",,,2024-10-19,Source 1
Mobile Application Developer,Sumeru Consultancy Services,"Coimbatore, Tamil Nadu","react, design",,,2024-10-25,Source 1
Full Stack Developer - Mobile & Web Development,Zelarsoft Pvt.Ltd.,"Hyderabad, Telangana",devops,,,2024-11-21,Source 1
Mobile Application Developer - Flutter,Supro Info Solutions pvt ltd,"Bangalore, Karnataka",,,,2024-11-20,Source 1
Mobile Application Developer - Flutter,UNICO CONNECT PRIVATE LIMITED,India,,,,2024-11-14,Source 1
Database Administrator,Aricent,India,,,,2024-11-19,Source 1
Database Administrator,CYFUTURE,"Noida, Ghaziabad",sql,,,2024-11-16,Source 1
Database Administrator,The IT Mind services,"Chennai, Tamil Nadu",design,,,2024-10-09,Source 1
Database Administrator,MathLogic,India,data science,,,2024-10-10,Source 1
Oracle Database Administrator,SPC Services [MSPC Services Pvt Ltd],"Hyderabad, Telangana",,,,2024-11-10,Source 1
Database Administrator - PostgreSQL,Rigel Networks,"Ahmedabad, Gujarat",,,,2024-10-22,Source 1
Database Administration - MySQL,contactx,India,"sql, azure, cloud",,,2024-11-24,Source 1
SQL Database Administrator,V F M Systems And Services Pvt Ltd.,"Noida, Ghaziabad",design,,,2024-10-02,Source 1
Oracle Database Administrator,Tehno Right,"Bangalore, Karnataka",git,,,2024-11-06,Source 1
Database Administrator - SQL,Dotflick Solutions,India,sql,,,2024-11-26,Source 1
Oracle Database Administrator,"Velocida P. Ltd.,","Hyderabad, Telangana","cloud, design",,,2024-10-04,Source 1
SQL Database Administrator,Collabera,"Bangalore, Karnataka",sql,,,2024-11-06,Source 1
Database Administrator - MongoDB,Crimsonlake Technologies,"Hyderabad, Telangana",design,,,2024-11-05,Source 1
Oracle Database Administration,Nazztec Private Limited,"Noida, Ghaziabad",linux,,,2024-11-21,Source 1
Database Administrator - QAD,AB2 Consulting Pvt Ltd,"Bangalore, Karnataka",,,,2024-11-19,Source 1
Database Administrator - MongoDB,Jellyfish Technologies Pvt Ltd,"Delhi, India",,,,2024-10-11,Source 1
Oracle Database Administrator,ATech,India,"azure, cloud",,,2024-11-12,Source 1
Database Administrator - SQL,Talent Pro,India,"sql, azure, design",,,2024-11-26,Source 1
Senior Database Administrator,Lancetech solutions,India,"sql, design",,,2024-10-29,Source 1
Database Administrator - MongoDB,Akal Information Systems Ltd,"Delhi, India",design,,,2024-11-21,Source 1
Database Administrator - PostgreSQL,selsoft,"Hyderabad, Telangana",sql,,,2024-11-13,Source 1
Oracle Database Administrator,Talent Pro,India,,,,2024-11-26,Source 1
Database Administrator - SQL,Mobifly,India,,,,2024-11-28,Source 1
Cricbuzz - Database Administrator,Hirist.tech,"Bangalore, Karnataka",,,,2024-11-20,Source 1
SQL Database Administrator,HNM Solutions,India,sql,,,2024-10-09,Source 1
Oracle Database Administrator,LITTLE ROBIN TECHNOLOGY PARTNERS PRIVATE LIMITED,India,,,,2024-10-29,Source 1
Database Administrator - CockroachDB,IT Company,India,,,,2024-10-17,Source 1
Oracle Database Administrator,ASCHPRO IT SOLUTIONS PRIVATE LIMITED,"Hyderabad, Telangana","aws, cloud",,,2024-10-11,Source 1
Database Administrator - MongoDB,Jellyfish Technologies Pvt Ltd,"Noida, Ghaziabad",,,,2024-10-18,Source 1
Database Administrator - Performance Tuning,Qode.world,India,"aws, cloud",,,2024-11-09,Source 1
Cloud Operations Manager,Sampoorna Consultants Pvt. Ltd,"Chennai, Tamil Nadu",cloud,,,2024-11-08,Source 1
Operations Manager - Cloud Infrastructure,XTENTEAM SOLUTIONS LLP,"Pune, Maharashtra","manager, cloud",,,2024-10-11,Source 1
Linux Operations Manager - Cloud,Sampoorna Consultants Pvt. Ltd,"Chennai, Tamil Nadu","linux, cloud",,,2024-11-06,Source 1
Technical Operation Manager - CMS/Marketing Automation Platform,Xerago,"Chennai, Tamil Nadu",manager,,,2024-11-23,Source 1
Operations Delivery Manager,Cogneau Systems Pvt. Ltd.,India,,,,2024-11-15,Source 1
Emerging India Analytics - Product & Operations Manager - Data Science,Emerging India Educational Services Pvt Ltd,"Noida, Ghaziabad",,,,2024-10-19,Source 1
Network Operations Center Manager,Prime Search,"Bangalore, Karnataka",manager,,,2024-11-16,Source 1
Manager - Security Operations,Arting Digital,"Bangalore, Karnataka",manager,,,2024-10-02,Source 1
Senior Manager - Security Operations,Spaulding Ridge Advisory India Pvt. Ltd.,"Pune, Maharashtra",design,,,2024-11-15,Source 1
Assistant Manager - HR Operations,ANSR Global Corporation,"Bangalore, Karnataka",manager,,,2024-11-22,Source 1
Senior Manager - HR operations,ANSR Global Corporation,"Bangalore, Karnataka",manager,,,2024-11-22,Source 1
Sycamore Informatics - Manager - Cloud Operations,Sycamore Informatics Inc.,India,"devops, manager, cloud",,,2024-10-10,Source 1
Senior Manager [HR operations and Payroll],ANSR Global Corporation,"Bangalore, Karnataka",manager,,,2024-11-22,Source 1
Senior Manager/Operations Research Scientist - Machine Learning/Algorithm,Career Makers,"Bangalore, Karnataka",machine learning,,,2024-11-23,Source 1
Senior Manager (Payroll & HR operations),ANSR Global Corporation,"Bangalore, Karnataka",manager,,,2024-11-22,Source 1
APPIT Software - Senior Product Manager - Cloud Operations,APPIT SOFTWARE SOLUTIONS PRIVATE LIMITED,India,"aws, azure, manager, cloud",,,2024-11-26,Source 1
Zscaler - Site Reliability Engineering Manager - Cloud Operations,Zscaler,"Bangalore, Karnataka","agile, cloud",,,2024-11-21,Source 1
L2/L3 Security Operations Center Lead - Vulnerability Management,Intellismith pvt Ltd,India,,,,2024-11-23,Source 1
Operation manager,CCTECH,"Yerwada, Pune",manager,600000.0,,2024-11-06,Source 1
Operations Manager,Edupeople,"Karnataka, India",manager,,,2024-09-10,Source 1
Operations Manager,Acme Services Private Limited,"Bazargate, Mumbai",,1000000.0,1200000.0,2024-11-22,Source 1
Operations Manager,Loom Solar Pvt. Ltd.,"Palwal, Faridabad",,18000.0,20000.0,2024-11-22,Source 1
"Operations Manager, Operations Manager (INFC)",ASSPL - Maharashtra,"Thane, Maharashtra",manager,,,2024-05-23,Source 1
"Operations Manager, Operations Manager (INFC)",ASSPL - Maharashtra,"Bangalore, Karnataka",manager,,,2024-05-23,Source 1
"Operations Manager, Operations Manager (INFC)",ASSPL - Telangana,"Hyderabad, Telangana",manager,,,2024-11-15,Source 1
"Operations Manager, Operations Manager (INFC)",Amazon,"Thane, Maharashtra",manager,,,2024-05-24,Source 1
"Operations Manager, Operations Manager (INFC)",Amazon,"Hyderabad, Telangana",manager,,,2024-11-18,Source 1
"Operations Manager, Operations Manager (INFC)",Amazon,"Bangalore, Karnataka",manager,,,2024-05-24,Source 1
Operations Manager,Multi Recruit,"Bangalore, Karnataka",manager,0.0,1600000.0,2021-11-24,Source 1
Operation Manager,MM Staffing & Career Consultants,"Ahmedabad, Gujarat",manager,,,2024-07-31,Source 1
